INSERT INTO university (id, description, name) VALUES
  (1, '', 'Крымский государственный инженерно-педагогический университет');

INSERT INTO faculties (id, description, name, university_id) VALUES
  (2, 'Экономики, менджмента и информационных технологий', 'ЭМиИТ', 1);

INSERT INTO courses (id, number, faculty_id) VALUES
  (3, 2, 2);

INSERT INTO `groups` (id, name, course_id) VALUES
  (5, 'ЗИ16', 3);

INSERT INTO auditories (id, description, number) VALUES
  (1, '', '243б'),
  (2, '', '233a'),
  (3, '', '239'),
  (4, '', '245'),
  (5, '', '247'),
  (6, '', '189'),
  (7, '', '236'),
  (8, '', '243a'),
  (9, '', '238a'),
  (1051, null, '238б'),
  (1052, null, '233б'),
  (1053, null, '237');

INSERT INTO disciplines (id, description, name) VALUES
  (4, 'То, ради чего стоит жить', 'Базы данных'),
  (5, '', 'Основы научных исследований'),
  (6, '', 'Теория вероятностей и математическая статистика'),
  (7, '', 'Информатика и программирование'),
  (8, '', 'Физика'),
  (9, '', 'Иностранный язык'),
  (10, '', 'Педагогика'),
  (11, '', 'Архитектура встроенных систем'),
  (12, '', 'Разработка серверных приложений');

INSERT INTO pair_types (id, type) VALUES
  (2, 'EXAM'),
  (1, 'REGULAR');

INSERT INTO pairs (id, finish_time, number, start_time) VALUES
  (1, '09:30:00', 1, '08:00:00'),
  (2, '11:10:00', 2, '09:40:00'),
  (3, '13:00:00', 3, '11:30:00'),
  (4, '14:40:00', 4, '13:10:00'),
  (5, '16:20:00', 5, '14:50:00'),
  (6, '18:00:00', 6, '16:30:00'),
  (7, '19:40:00', 7, '18:10:00'),
  (8, '21:20:00', 8, '19:50:00');

INSERT INTO students (id, first_name, last_name, middle_name, student_group_id) VALUES
  (14, 'Владимир', 'Сухарев', 'Александрович', 5),
  (15, 'Алексей', 'Пешкун', 'Анатольевич', 5),
  (16, 'Сергей', 'Акулиненко', 'Игоревич', 5),
  (17, 'Анастасия', 'Дейнега', 'Геннадьевна', 5),
  (18, 'Андрей', 'Захарчук', 'Викторович', 5),
  (19, 'Александр', 'Кех', 'Викторович', 5),
  (20, 'Александр', 'Котляров', 'Анатольевич', 5),
  (21, 'Ильяс', 'Мамадиев', 'Аблитарович', 5),
  (22, 'Алим', 'Меназизов', 'Ленурович', 5),
  (23, 'Родион', 'Мирошниченко', 'Андреевич', 5),
  (24, 'Азиз', 'Ниметуллаев', 'Шевкетович', 5),
  (25, 'Андрей', 'Реканд', 'Дмитриевич', 5),
  (26, 'Константин', 'Смирнов', 'Игоревич', 5),
  (27, 'Николай', 'Сухин', 'Владимирович', 5),
  (28, 'Инна', 'Таракчеева', 'Николаевна', 5),
  (29, 'Юрий', 'Удод', 'Юрьевич', 5),
  (30, 'Владимир', 'Чепюк', 'Алимович', 5),
  (31, 'Алексей', 'Зайцев', 'Евгеньевич', 5),
  (32, 'Ян', 'Куимов', 'Анатольевич', 5),
  (33, 'Дмитрий', 'Макин', 'Александрович', 5),
  (34, 'Владислав', 'Беспалый', 'Вячеславович', 5),
  (35, 'Алёна', 'Темчук-Олейник', 'Владимировна', 5);

INSERT INTO teachers (id, first_name, last_name, middle_name, university_id) VALUES
  (15, 'Эльдар', 'Батыр', 'Ибрагимович', 1),
  (16, 'Фатиме', 'Ильясова', 'Серверовна', 1),
  (17, 'Энвер', 'Умеров', 'Айдерович', 1),
  (18, 'Элина', 'Насибуллаева', 'Расимовна', 1),
  (19, 'Зарема', 'Асанова', 'Ризаевна', 1),
  (20, 'Ленмар', 'Абдурайимов', 'Нариманович', 1);

INSERT INTO teachers_disciplines (teachers_id, disciplines_id) VALUES
  (15, 4),
  (16, 5),
  (17, 6),
  (16, 7),
  (17, 8),
  (18, 9),
  (19, 10),
  (20, 11),
  (20, 12);
INSERT INTO time_table (id) VALUES
  (17);
INSERT INTO work_pairs (id, date, auditory_id, discipline_id, group_id, pair_id, teacher_id, time_table_id, type_id) VALUES
  (16, '2018-05-11', 1, 9, 5, 2, 18, 17, 1),
  (17, '2018-05-11', 2, 6, 5, 3, 17, 17, 1),
  (18, '2018-05-11', 7, 5, 5, 4, 16, 17, 1),
  (19, '2018-05-11', 3, 4, 5, 5, 15, 17, 1),
  (20, '2018-05-12', 3, 6, 5, 2, 17, 17, 1),
  (21, '2018-05-12', 3, 6, 5, 3, 17, 17, 1),
  (22, '2018-05-14', 4, 6, 5, 2, 17, 17, 1),
  (23, '2018-05-14', 4, 6, 5, 3, 17, 17, 1),
  (24, '2018-05-14', 4, 10, 5, 4, 19, 17, 1),
  (25, '2018-05-14', 4, 10, 5, 5, 19, 17, 1),
  (1004, '2018-05-15', 5, 5, 5, 4, 16, 17, 1),
  (1005, '2018-05-15', 5, 5, 5, 5, 16, 17, 1),
  (1006, '2018-05-16', 7, 4, 5, 2, 15, 17, 1),
  (1007, '2018-05-16', 6, 4, 5, 3, 15, 17, 1),
  (1009, '2018-05-16', 1, 5, 5, 4, 16, 17, 1),
  (1010, '2018-05-16', 7, 5, 5, 5, 16, 17, 2),
  (1011, '2018-05-17', 7, 4, 5, 2, 15, 17, 1),
  (1012, '2018-05-17', 8, 4, 5, 3, 15, 17, 1),
  (1013, '2018-05-17', 5, 11, 5, 4, 20, 17, 1),
  (1014, '2018-05-17', 5, 11, 5, 5, 20, 17, 1),
  (1015, '2018-05-18', 1051, 11, 5, 1, 20, 17, 1),
  (1016, '2018-05-18', 1051, 11, 5, 2, 20, 17, 1),
  (1017, '2018-05-18', 2, 6, 5, 3, 17, 17, 1),
  (1018, '2018-05-18', 2, 6, 5, 4, 17, 17, 1),
  (1019, '2018-05-19', 3, 6, 5, 2, 17, 17, 2),
  (1021, '2018-05-21', 1052, 4, 5, 2, 15, 17, 1),
  (1022, '2018-05-21', 1052, 4, 5, 3, 15, 17, 1),
  (1023, '2018-05-21', 4, 10, 5, 4, 19, 17, 1),
  (1024, '2018-05-21', 4, 10, 5, 5, 19, 17, 1),
  (1025, '2018-05-22', 1052, 4, 5, 2, 15, 17, 1),
  (1027, '2018-05-22', 1052, 4, 5, 3, 15, 17, 1),
  (1028, '2018-05-22', 5, 11, 5, 4, 20, 17, 1),
  (1030, '2018-05-22', 5, 9, 5, 5, 18, 17, 1),
  (1031, '2018-05-23', 1053, 4, 5, 2, 15, 17, 1),
  (1032, '2018-05-23', 1053, 4, 5, 3, 15, 17, 1),
  (1033, '2018-05-23', 2, 11, 5, 4, 20, 17, 1),
  (1034, '2018-05-23', 2, 11, 5, 5, 20, 17, 2),
  (1035, '2018-05-24', 9, 4, 5, 2, 15, 17, 1),
  (1036, '2018-05-24', 9, 4, 5, 3, 15, 17, 1),
  (1037, '2018-05-24', 7, 10, 5, 4, 19, 17, 1),
  (1038, '2018-05-24', 7, 10, 5, 5, 19, 17, 2),
  (1039, '2018-05-25', 1051, 11, 5, 1, 20, 17, 1),
  (1040, '2018-05-25', 1051, 11, 5, 2, 20, 17, 1),
  (1041, '2018-05-25', 8, 9, 5, 3, 18, 17, 1),
  (1042, '2018-05-25', 1, 9, 5, 4, 18, 17, 1),
  (1043, '2018-05-26', 1051, 11, 5, 2, 20, 17, 1),
  (1044, '2018-05-26', 1051, 11, 5, 3, 20, 17, 2),
  (1045, '2018-05-29', 1, 9, 5, 5, 18, 17, 2),
  (1046, '2018-05-30', 1053, 4, 5, 2, 15, 17, 2),
  (1047, '2018-05-30', 1052, 4, 5, 3, 15, 17, 2);
ALTER TABLE work_pairs ADD CONSTRAINT real_teacher_disc
  FOREIGN KEY (teacher_id, discipline_id)
  REFERENCES teachers_disciplines (teachers_id, disciplines_id);